Day,Coco ID,URL
1,86654,http://farm3.staticflickr.com/2496/4242791028_c575a81293_z.jpg
1,239396,http://farm9.staticflickr.com/8008/7118491333_fd476a0e85_z.jpg
1,434805,http://farm4.staticflickr.com/3288/3011898084_f5358634b4_z.jpg
2,558036,http://farm4.staticflickr.com/3332/3564412308_ffddb69bac_z.jpg
2,522225,http://farm9.staticflickr.com/8036/7946162344_ee2e1a814e_z.jpg
2,333407,http://farm5.staticflickr.com/4013/4582702090_0d37448fa4_z.jpg
3,139355,http://farm1.staticflickr.com/162/401588524_0970829d15_z.jpg
3,284498,http://farm3.staticflickr.com/2494/3853369748_81551cdca5_z.jpg
3,416309,http://farm5.staticflickr.com/4065/4595711224_57458c85de_z.jpg
4,31582,http://farm6.staticflickr.com/5301/5601964474_acf5bab345_z.jpg
4,310442,http://farm4.staticflickr.com/3350/3565834013_8e1539039a_z.jpg
4,76607,http://farm1.staticflickr.com/79/208779748_2ae7f359c4_z.jpg
5,124850,http://farm4.staticflickr.com/3440/3817687629_68257af7eb_z.jpg
5,320045,http://farm7.staticflickr.com/6061/6139254473_f9e2233aeb_z.jpg
5,574769,http://farm8.staticflickr.com/7010/6728227647_3d5a0d55ee_z.jpg
6,429289,http://farm7.staticflickr.com/6046/6316606282_bfe2b23cfe_z.jpg
6,46804,http://farm6.staticflickr.com/5441/7197037998_02eb094ccc_z.jpg
6,442813,http://farm6.staticflickr.com/5207/5329979543_2a9514215c_z.jpg
7,325374,http://farm9.staticflickr.com/8539/8632658463_fd48598363_z.jpg
7,489248,http://farm4.staticflickr.com/3235/3083713961_f7a5962d48_z.jpg
7,75682,http://farm3.staticflickr.com/2497/4113217491_9fb7ea9be2_z.jpg
8,,
8,,
8,,
9,,
9,,
9,,